{"avg_loss": 6.0605950355529785, "_timestamp": 1677142462.8027618, "_runtime": 2274.814999818802, "_step": 9, "_wandb": {"runtime": 2563}}