{"avg_loss": 6.051888942718506, "_timestamp": 1677130487.5385227, "_runtime": 2267.881020784378, "_step": 9, "_wandb": {"runtime": 2262}}