{"avg_loss": 6.237934589385986, "_timestamp": 1677162897.9691873, "_runtime": 3889.015645265579, "_step": 12, "_wandb": {"runtime": 3962}}