{"loss": 1.212634573743193, "_timestamp": 1658233793, "_runtime": 4931, "_step": 59, "accuracy": 0.5332225913621262}