{"avg_loss": 5.483623504638672, "_timestamp": 1677718131.9856596, "_runtime": 28607.991862535477, "_step": 82}