{"avg_loss": 5.783928871154785, "_timestamp": 1677168967.773196, "_runtime": 5987.827899932861, "_step": 19, "_wandb": {"runtime": 5986}}