{"avg_loss": 6.121115684509277, "_timestamp": 1677148089.0039546, "_runtime": 5330.121341705322, "_step": 19, "_wandb": {"runtime": 5328}}