{"avg_loss": 5.845769882202148, "_timestamp": 1677182637.4843037, "_runtime": 11044.907763719559, "_step": 49, "_wandb": {"runtime": 23580}}