{"train_loss": 0.35084402739644766, "_timestamp": 1678984114.0467374, "_runtime": 765.7257833480835, "_step": 199, "train_accuracy": 0.8613542146476278, "val_loss": 1.5207744183771426, "val_accuracy": 0.6331041257367387, "_wandb": {"runtime": 633}}