{"train_loss": 0.16297236279524838, "_timestamp": 1678986755.3382232, "_runtime": 2429.88662314415, "_step": 799, "train_accuracy": 0.932289267618609, "val_loss": 1.2375360863538216, "val_accuracy": 0.6967910936476752, "_wandb": {"runtime": 2430}}