{"avg_loss": 6.163969993591309, "_timestamp": 1677139293.0996644, "_runtime": 684.220974445343, "_step": 2, "_wandb": {"runtime": 875}}