{"train_loss": 0.4982994653178162, "_timestamp": 1679011030.6382203, "_runtime": 508.7644622325897, "_step": 97, "train_accuracy": 0.8010133578995855, "val_loss": 1.638444271209432, "val_accuracy": 0.5967583497053045}