{"loss": 1.491941694801432, "_timestamp": 1658282220, "_runtime": 2167, "_step": 39, "accuracy": 0.5614617940199336}