{"train_loss": 1.84532002499992, "_timestamp": 1658986716, "_runtime": 52152, "_step": 279, "train_accuracy": 0.41501612160294793, "val_loss": 2.2241926747699114, "val_accuracy": 0.2857142857142857}