{"train_loss": 0.3525451638494313, "_timestamp": 1678413751.3875072, "_runtime": 766.006040096283, "_step": 241, "train_accuracy": 0.863196683555965, "val_loss": 1.5652589097706884, "val_accuracy": 0.629502292075966}