{"train_loss": 1.2281672649809645, "_timestamp": 1678380775.2597241, "_runtime": 69.84320521354675, "_step": 1, "train_accuracy": 0.45370796867802854, "_wandb": {"runtime": 159}}